{"cameraMode":{"drawMode":0,"name":"Shaded","section":"Shading Mode"},"sceneLighting":false,"audioPlay":false,"sceneViewState":{"showFog":true,"showMaterialUpdate":false,"showSkybox":false,"showFlares":true,"showImageEffects":true,"showParticleSystems":true},"in2DMode":false,"pivot":{"x":-6.497646331787109,"y":0.9122675061225891,"z":-1.1774353981018067},"rotation":{"x":-0.2953864634037018,"y":0.6793686151504517,"z":-0.3500981628894806,"w":-0.5732876062393189},"size":8.238643646240235,"orthographic":false}